loss,val_loss
0.002766514429822564,0.00157162023242563
0.0011142509756609797,0.0017217736458405852
